-- MySQL dump 10.13  Distrib 5.7.15, for osx10.11 (x86_64)
--
-- Host: localhost    Database: app
-- ------------------------------------------------------
-- Server version	5.7.15

/*!40101 SET @OLD_CHARACTER_SET_CLIENT=@@CHARACTER_SET_CLIENT */;
/*!40101 SET @OLD_CHARACTER_SET_RESULTS=@@CHARACTER_SET_RESULTS */;
/*!40101 SET @OLD_COLLATION_CONNECTION=@@COLLATION_CONNECTION */;
/*!40101 SET NAMES utf8 */;
/*!40103 SET @OLD_TIME_ZONE=@@TIME_ZONE */;
/*!40103 SET TIME_ZONE='+00:00' */;
/*!40014 SET @OLD_UNIQUE_CHECKS=@@UNIQUE_CHECKS, UNIQUE_CHECKS=0 */;
/*!40014 SET @OLD_FOREIGN_KEY_CHECKS=@@FOREIGN_KEY_CHECKS, FOREIGN_KEY_CHECKS=0 */;
/*!40101 SET @OLD_SQL_MODE=@@SQL_MODE, SQL_MODE='NO_AUTO_VALUE_ON_ZERO' */;
/*!40111 SET @OLD_SQL_NOTES=@@SQL_NOTES, SQL_NOTES=0 */;

--
-- Table structure for table `accounts`
--

DROP TABLE IF EXISTS `accounts`;
/*!40101 SET @saved_cs_client     = @@character_set_client */;
/*!40101 SET character_set_client = utf8 */;
CREATE TABLE `accounts` (
  `id` int(11) NOT NULL AUTO_INCREMENT,
  `email_address` varchar(150) DEFAULT NULL,
  `first_name` varchar(255) DEFAULT NULL,
  `last_name` varchar(255) DEFAULT NULL,
  `num_legs` int(11) DEFAULT '2',
  `created_at` timestamp NOT NULL DEFAULT CURRENT_TIMESTAMP,
  PRIMARY KEY (`id`)
) ENGINE=InnoDB AUTO_INCREMENT=7 DEFAULT CHARSET=utf8;
/*!40101 SET character_set_client = @saved_cs_client */;

--
-- Dumping data for table `accounts`
--

LOCK TABLES `accounts` WRITE;
/*!40000 ALTER TABLE `accounts` DISABLE KEYS */;
INSERT INTO `accounts` VALUES (1,'Mohammed.Hayes@hotmail.com','Alivia','Waelchi',2,'2015-11-19 21:42:03'),(2,'Rebekah_Larson30@hotmail.com','Hudson','Hyatt',2,'2015-12-10 20:52:51'),(3,'Lurline79@gmail.com','Coleman','Abernathy',2,'2015-10-18 18:48:04'),(4,'Ambrose_Hintz@yahoo.com','Lulu','Bogisich',2,'2016-08-07 04:51:37'),(5,'Wayne85@gmail.com','Ocie','Ruecker',2,'2016-07-15 14:38:07'),(6,'andrew@stem.is','Andrew','Carlson',2,'2017-02-09 15:32:00');
/*!40000 ALTER TABLE `accounts` ENABLE KEYS */;
UNLOCK TABLES;

--
-- Table structure for table `comments`
--

DROP TABLE IF EXISTS `comments`;
/*!40101 SET @saved_cs_client     = @@character_set_client */;
/*!40101 SET character_set_client = utf8 */;
CREATE TABLE `comments` (
  `id` int(11) NOT NULL AUTO_INCREMENT,
  `body` text NOT NULL,
  `post_id` int(11) NOT NULL,
  `author_id` int(11) NOT NULL,
  `created_at` timestamp NOT NULL DEFAULT CURRENT_TIMESTAMP,
  `archived` tinyint(1) DEFAULT '0',
  PRIMARY KEY (`id`)
) ENGINE=InnoDB AUTO_INCREMENT=301 DEFAULT CHARSET=utf8;
/*!40101 SET character_set_client = @saved_cs_client */;

--
-- Dumping data for table `comments`
--

LOCK TABLES `comments` WRITE;
/*!40000 ALTER TABLE `comments` DISABLE KEYS */;
INSERT INTO `comments` VALUES (1,'Try to input the RSS circuit, maybe it will copy the auxiliary sensor!',38,1,'2016-07-10 13:21:23',0),(2,'The EXE monitor is down, calculate the digital bandwidth so we can transmit the SQL card!',13,2,'2016-06-27 00:11:23',0),(3,'I\'ll generate the mobile FTP driver, that should matrix the PCI program!',18,1,'2016-08-13 21:10:44',0),(4,'I\'ll navigate the cross-platform SMS transmitter, that should panel the IB sensor!',7,1,'2015-12-01 02:05:51',0),(6,'The XML bandwidth is down, parse the multi-byte hard drive so we can synthesize the SAS monitor!',7,2,'2016-04-22 18:03:29',0),(7,'I\'ll reboot the multi-byte HTTP system, that should application the TCP hard drive!',36,2,'2015-12-15 18:47:59',0),(8,'Try to bypass the SDD system, maybe it will input the primary bus!',21,2,'2016-03-07 09:38:58',0),(9,'I\'ll synthesize the digital RSS port, that should bandwidth the PNG system!',22,2,'2015-11-16 07:39:36',0),(10,'Use the neural JSON port, then you can hack the 1080p system!',47,4,'2016-08-16 10:41:02',1),(11,'Try to parse the SDD firewall, maybe it will generate the digital application!',30,2,'2016-03-10 04:57:00',0),(12,'We need to hack the neural SMS transmitter!',7,1,'2016-10-15 03:28:36',0),(13,'We need to calculate the 1080p HTTP array!',25,2,'2016-09-28 07:19:56',0),(15,'If we calculate the monitor, we can get to the AGP driver through the solid state JBOD matrix!',9,3,'2015-12-26 02:53:11',1),(16,'You can\'t reboot the array without bypassing the 1080p RAM program!',47,4,'2016-09-15 20:05:00',0),(17,'Try to hack the SMTP alarm, maybe it will transmit the redundant matrix!',25,4,'2016-01-04 18:48:47',0),(18,'bypassing the hard drive won\'t do anything, we need to back up the primary EXE bandwidth!',2,3,'2015-11-25 23:51:25',0),(19,'You can\'t index the monitor without connecting the multi-byte AI driver!',25,2,'2015-11-14 02:09:35',0),(20,'overriding the pixel won\'t do anything, we need to parse the wireless USB feed!',26,4,'2016-04-29 10:24:42',1),(21,'You can\'t synthesize the matrix without indexing the haptic AI circuit!',48,2,'2016-04-09 16:51:06',0),(22,'I\'ll calculate the digital SDD pixel, that should microchip the SMS sensor!',50,1,'2016-04-06 00:10:58',0),(23,'Use the multi-byte GB protocol, then you can compress the auxiliary matrix!',20,2,'2015-12-12 06:51:24',0),(24,'If we parse the application, we can get to the THX microchip through the virtual FTP bandwidth!',8,2,'2016-08-01 15:10:16',0),(25,'The XSS transmitter is down, quantify the neural program so we can parse the SDD alarm!',9,5,'2016-10-04 11:49:49',1),(26,'You can\'t compress the card without quantifying the haptic JSON transmitter!',37,3,'2015-12-01 16:51:19',0),(27,'I\'ll parse the digital PCI application, that should card the SAS array!',22,1,'2016-04-10 07:06:18',0),(28,'We need to hack the cross-platform SMTP hard drive!',32,1,'2015-10-29 07:49:47',0),(29,'Use the back-end TCP feed, then you can reboot the open-source circuit!',20,4,'2016-07-07 00:51:50',0),(30,'If we compress the card, we can get to the COM circuit through the optical SSL bandwidth!',40,5,'2016-03-22 15:34:04',1),(31,'Use the online PNG array, then you can quantify the primary sensor!',38,1,'2015-11-17 14:05:01',0),(32,'Try to program the SMS program, maybe it will index the wireless matrix!',27,2,'2016-01-23 18:47:16',0),(33,'You can\'t reboot the bandwidth without hacking the online SCSI feed!',42,5,'2016-06-21 17:03:17',0),(34,'We need to reboot the multi-byte SQL bus!',9,5,'2015-12-03 20:33:25',0),(35,'hacking the protocol won\'t do anything, we need to reboot the online AGP interface!',43,3,'2016-04-30 04:56:34',1),(36,'indexing the port won\'t do anything, we need to quantify the online SMTP panel!',23,4,'2016-04-01 14:55:41',0),(37,'indexing the bus won\'t do anything, we need to bypass the mobile SCSI bandwidth!',50,5,'2016-03-10 18:12:41',0),(38,'I\'ll synthesize the mobile SQL card, that should feed the EXE application!',8,1,'2016-07-20 13:05:20',0),(39,'The CSS firewall is down, generate the bluetooth application so we can input the JSON transmitter!',4,4,'2016-07-31 14:04:55',0),(40,'I\'ll generate the bluetooth SAS microchip, that should port the EXE driver!',28,1,'2015-10-20 04:45:38',1),(41,'The RAM system is down, bypass the auxiliary panel so we can parse the SAS monitor!',12,2,'2016-03-01 18:19:25',0),(42,'We need to reboot the open-source CSS hard drive!',15,5,'2016-01-16 20:55:16',0),(43,'We need to program the primary IB interface!',33,5,'2016-10-13 18:12:24',0),(44,'We need to copy the virtual USB circuit!',45,1,'2016-04-29 18:13:12',0),(45,'We need to hack the back-end SMS interface!',19,1,'2015-12-11 02:54:24',1),(46,'Try to navigate the XSS application, maybe it will input the solid state array!',49,2,'2016-09-13 05:22:44',0),(47,'We need to compress the primary PCI microchip!',40,4,'2016-07-17 08:38:30',0),(48,'You can\'t generate the transmitter without quantifying the mobile SSL bus!',43,1,'2016-04-02 00:12:01',0),(49,'The HDD sensor is down, parse the mobile driver so we can back up the FTP matrix!',4,5,'2016-06-11 23:33:27',0),(50,'connecting the protocol won\'t do anything, we need to compress the cross-platform SDD transmitter!',22,5,'2015-12-03 00:54:08',1),(51,'If we connect the system, we can get to the TCP firewall through the mobile PCI panel!',30,5,'2016-03-14 11:06:34',0),(52,'Use the neural SCSI card, then you can connect the auxiliary array!',19,3,'2016-05-21 09:25:48',0),(53,'The HDD pixel is down, calculate the neural array so we can hack the COM port!',24,5,'2015-10-22 06:42:18',0),(54,'We need to transmit the optical USB array!',4,1,'2016-01-30 23:04:25',0),(55,'Try to synthesize the RSS matrix, maybe it will synthesize the bluetooth array!',16,4,'2015-12-15 02:13:44',1),(56,'parsing the alarm won\'t do anything, we need to parse the wireless IB capacitor!',35,1,'2016-08-11 09:09:40',0),(57,'programming the array won\'t do anything, we need to connect the haptic JBOD feed!',9,5,'2016-09-14 07:13:49',0),(58,'You can\'t program the alarm without transmitting the redundant SSL application!',16,2,'2016-03-13 21:14:38',0),(59,'Use the bluetooth CSS program, then you can quantify the wireless microchip!',46,5,'2016-05-24 20:00:28',0),(60,'The AI firewall is down, bypass the digital sensor so we can index the XSS pixel!',26,4,'2016-08-02 02:10:33',1),(61,'I\'ll quantify the digital HDD feed, that should matrix the PNG protocol!',40,4,'2016-01-21 03:46:37',0),(62,'Use the online COM feed, then you can parse the solid state capacitor!',18,2,'2016-06-15 04:31:52',0),(63,'We need to back up the optical SMTP monitor!',24,1,'2015-12-24 20:42:38',0),(64,'Use the primary COM system, then you can hack the primary pixel!',35,4,'2016-05-06 04:37:01',0),(65,'I\'ll back up the bluetooth ADP bus, that should sensor the JBOD feed!',14,3,'2015-12-15 14:48:04',1),(66,'indexing the firewall won\'t do anything, we need to generate the solid state RAM port!',15,4,'2015-12-27 04:09:48',0),(67,'overriding the system won\'t do anything, we need to connect the 1080p HDD system!',41,2,'2016-07-09 03:24:54',0),(68,'If we generate the bandwidth, we can get to the USB application through the bluetooth SQL pixel!',11,1,'2016-10-08 07:29:00',0),(69,'Try to connect the EXE system, maybe it will back up the online circuit!',23,2,'2016-03-17 07:45:15',0),(70,'Try to index the SQL firewall, maybe it will compress the neural pixel!',37,2,'2016-09-02 16:48:46',1),(71,'Try to program the RAM port, maybe it will synthesize the haptic bandwidth!',49,5,'2016-01-23 12:48:28',0),(72,'Use the neural SMS circuit, then you can index the auxiliary matrix!',12,5,'2016-05-11 19:22:55',0),(73,'Try to reboot the TCP application, maybe it will override the solid state matrix!',17,2,'2016-09-15 23:59:43',0),(74,'Use the primary THX microchip, then you can index the neural firewall!',33,2,'2016-08-13 02:42:58',0),(75,'I\'ll quantify the redundant PCI feed, that should firewall the EXE bus!',26,3,'2016-01-23 20:37:47',1),(76,'We need to override the mobile SAS matrix!',21,5,'2016-02-17 04:02:56',0),(77,'Use the cross-platform PNG card, then you can transmit the virtual panel!',24,5,'2015-12-15 21:04:06',0),(78,'If we navigate the matrix, we can get to the PNG interface through the open-source SQL capacitor!',44,2,'2015-12-16 11:51:30',0),(79,'copying the port won\'t do anything, we need to program the optical AGP card!',24,3,'2015-11-28 12:02:34',0),(80,'We need to quantify the virtual RAM port!',32,2,'2016-06-07 23:14:12',1),(81,'Try to hack the ADP program, maybe it will back up the neural pixel!',50,4,'2016-04-20 10:21:08',0),(82,'I\'ll compress the 1080p SQL sensor, that should monitor the RAM alarm!',28,4,'2016-04-14 11:01:39',0),(83,'I\'ll generate the online EXE application, that should panel the HTTP feed!',9,5,'2015-10-28 09:08:29',0),(84,'If we copy the pixel, we can get to the FTP interface through the auxiliary EXE capacitor!',32,4,'2016-07-10 12:46:17',0),(85,'I\'ll generate the solid state SSL matrix, that should program the IB bandwidth!',38,3,'2015-12-22 12:47:37',1),(86,'Try to bypass the SDD array, maybe it will hack the digital sensor!',3,3,'2016-03-15 11:14:05',0),(87,'bypassing the firewall won\'t do anything, we need to quantify the neural SSL hard drive!',4,3,'2016-03-07 06:47:52',0),(88,'I\'ll hack the back-end SAS driver, that should application the PCI microchip!',35,3,'2016-01-23 09:01:23',0),(89,'We need to compress the optical EXE application!',9,1,'2016-01-21 09:34:08',0),(90,'calculating the panel won\'t do anything, we need to override the cross-platform USB protocol!',4,2,'2016-07-09 05:00:51',1),(91,'Try to reboot the THX alarm, maybe it will calculate the cross-platform bandwidth!',22,3,'2016-07-06 18:44:19',0),(92,'The USB panel is down, generate the 1080p array so we can override the SSL application!',8,1,'2016-04-21 22:00:08',0),(93,'You can\'t parse the panel without hacking the bluetooth IB interface!',15,4,'2015-12-22 22:40:54',0),(94,'I\'ll copy the auxiliary TCP transmitter, that should circuit the TCP program!',11,2,'2016-06-18 14:58:23',0),(95,'We need to connect the optical USB program!',16,2,'2016-03-25 14:42:20',1),(96,'You can\'t override the sensor without synthesizing the solid state RAM firewall!',43,4,'2015-10-22 23:35:17',0),(97,'Use the mobile USB system, then you can parse the 1080p alarm!',5,4,'2016-01-13 04:08:08',0),(98,'The RSS matrix is down, input the cross-platform feed so we can program the PNG sensor!',26,4,'2015-11-28 19:01:57',0),(99,'Use the haptic HTTP capacitor, then you can generate the cross-platform circuit!',37,2,'2015-10-25 15:53:30',0),(100,'The CSS microchip is down, connect the solid state protocol so we can navigate the PNG program!',23,4,'2016-03-17 10:48:57',1),(101,'Use the neural IB card, then you can quantify the solid state microchip!',6,5,'2016-02-02 13:01:38',0),(102,'compressing the sensor won\'t do anything, we need to connect the neural SQL matrix!',4,4,'2016-01-10 16:18:24',0),(103,'If we generate the bus, we can get to the PNG transmitter through the 1080p FTP interface!',34,1,'2016-06-12 12:59:45',0),(104,'The CSS program is down, compress the open-source port so we can generate the USB interface!',18,2,'2016-08-18 18:49:52',0),(105,'I\'ll override the haptic THX bandwidth, that should circuit the EXE firewall!',41,4,'2016-06-19 09:08:06',1),(106,'We need to connect the online PNG panel!',37,2,'2016-03-12 04:38:38',0),(107,'I\'ll quantify the cross-platform COM feed, that should monitor the XML sensor!',13,2,'2016-08-14 04:17:56',0),(108,'bypassing the protocol won\'t do anything, we need to calculate the redundant PCI system!',18,1,'2016-09-05 10:10:08',0),(109,'The RSS sensor is down, transmit the auxiliary protocol so we can back up the SAS bandwidth!',50,2,'2015-12-06 09:52:41',0),(110,'connecting the array won\'t do anything, we need to generate the haptic PNG bus!',30,4,'2016-06-02 08:07:59',1),(111,'The SCSI sensor is down, input the back-end bus so we can navigate the SQL panel!',43,3,'2016-04-14 17:31:57',0),(112,'Try to program the XML monitor, maybe it will calculate the online driver!',20,4,'2016-03-08 02:30:14',0),(113,'We need to reboot the auxiliary ADP transmitter!',39,4,'2015-10-25 23:36:29',0),(114,'If we calculate the program, we can get to the FTP feed through the primary HDD program!',3,5,'2016-05-03 23:05:46',0),(115,'programming the bus won\'t do anything, we need to calculate the mobile AI application!',5,4,'2016-02-24 14:29:03',1),(116,'The SQL sensor is down, connect the wireless firewall so we can override the SQL monitor!',2,2,'2016-04-08 23:01:30',0),(117,'The SQL pixel is down, hack the auxiliary array so we can calculate the CSS pixel!',31,2,'2016-01-04 00:43:12',0),(118,'The ADP hard drive is down, compress the haptic program so we can input the JBOD firewall!',44,5,'2016-07-07 02:50:13',0),(119,'The RSS card is down, copy the neural array so we can back up the USB hard drive!',46,4,'2016-07-30 11:51:58',0),(120,'You can\'t input the transmitter without transmitting the 1080p HTTP driver!',13,3,'2015-12-04 00:47:46',1),(121,'We need to compress the redundant CSS bus!',26,1,'2016-03-22 23:47:38',0),(122,'The HDD monitor is down, navigate the optical firewall so we can copy the AI protocol!',43,5,'2015-12-04 15:39:34',0),(123,'Use the mobile EXE driver, then you can reboot the 1080p port!',29,5,'2015-12-13 08:58:10',0),(124,'I\'ll index the open-source SSL microchip, that should capacitor the AGP port!',49,3,'2016-03-07 04:24:05',0),(125,'You can\'t override the driver without overriding the wireless RAM sensor!',20,2,'2016-01-08 01:51:22',1),(126,'I\'ll reboot the auxiliary HTTP application, that should driver the USB application!',30,3,'2016-03-28 01:53:56',0),(127,'If we bypass the system, we can get to the TCP interface through the redundant ADP matrix!',9,1,'2016-08-06 19:25:04',0),(128,'navigating the transmitter won\'t do anything, we need to back up the auxiliary COM application!',31,2,'2015-12-05 01:22:57',0),(129,'I\'ll compress the online XSS pixel, that should monitor the THX card!',39,3,'2016-09-07 22:49:33',0),(130,'I\'ll generate the wireless HDD interface, that should array the FTP card!',26,1,'2016-03-09 15:58:52',1),(131,'You can\'t connect the alarm without compressing the back-end IB monitor!',28,5,'2016-06-07 04:24:53',0),(132,'Try to navigate the THX firewall, maybe it will hack the back-end matrix!',3,3,'2016-05-08 14:22:40',0),(133,'Use the multi-byte AGP pixel, then you can navigate the multi-byte bus!',47,3,'2016-08-08 03:16:27',0),(134,'You can\'t reboot the firewall without parsing the wireless TCP sensor!',4,3,'2016-02-20 12:32:20',0),(135,'You can\'t synthesize the firewall without transmitting the multi-byte AGP program!',36,5,'2016-01-16 18:25:19',1),(136,'The PNG port is down, synthesize the primary monitor so we can reboot the SCSI port!',29,4,'2016-07-18 18:50:09',0),(137,'overriding the driver won\'t do anything, we need to program the multi-byte HTTP bandwidth!',37,1,'2016-04-17 04:35:11',0),(138,'We need to transmit the bluetooth AI panel!',42,3,'2016-06-21 11:30:29',0),(139,'Try to compress the ADP interface, maybe it will quantify the redundant sensor!',24,2,'2016-01-04 21:00:25',0),(140,'You can\'t quantify the microchip without compressing the multi-byte GB microchip!',16,4,'2016-02-08 17:21:05',1),(141,'You can\'t program the panel without connecting the redundant PCI system!',18,4,'2016-05-23 13:15:44',0),(142,'Use the redundant HDD pixel, then you can connect the back-end port!',24,5,'2016-01-06 03:10:03',0),(143,'Try to calculate the IB system, maybe it will back up the neural system!',19,5,'2015-12-05 09:31:48',0),(144,'I\'ll compress the open-source PNG card, that should feed the XML bus!',37,3,'2016-10-09 20:51:11',0),(145,'Use the solid state ADP system, then you can parse the multi-byte pixel!',39,5,'2015-11-11 19:15:38',1),(146,'If we synthesize the bus, we can get to the TCP program through the virtual CSS bandwidth!',34,4,'2016-03-20 04:55:28',0),(147,'You can\'t transmit the feed without generating the haptic CSS matrix!',22,1,'2016-09-13 22:46:48',0),(148,'We need to hack the primary EXE hard drive!',5,2,'2016-03-21 15:39:38',0),(149,'Use the online AI hard drive, then you can bypass the redundant bandwidth!',12,4,'2016-05-23 09:49:15',0),(150,'If we hack the application, we can get to the JSON circuit through the redundant SMS interface!',40,4,'2015-12-06 10:02:44',1),(151,'The HDD matrix is down, back up the multi-byte pixel so we can copy the SMTP program!',46,4,'2016-06-01 14:56:44',0),(152,'The PCI array is down, index the neural transmitter so we can compress the SDD panel!',17,4,'2016-10-16 12:03:21',0),(153,'Use the neural JSON pixel, then you can input the back-end transmitter!',12,3,'2016-07-22 04:23:40',0),(154,'I\'ll reboot the mobile HDD array, that should interface the USB protocol!',50,5,'2016-07-26 11:25:59',0),(155,'Use the mobile JSON monitor, then you can parse the solid state program!',39,4,'2016-06-30 21:03:08',1),(156,'Try to compress the EXE driver, maybe it will reboot the open-source driver!',25,1,'2016-07-02 23:51:05',0),(157,'You can\'t override the protocol without synthesizing the primary AI microchip!',35,3,'2016-09-04 09:08:39',0),(158,'Try to index the PCI bus, maybe it will transmit the cross-platform monitor!',43,3,'2016-08-05 09:49:41',0),(159,'Try to hack the SQL system, maybe it will copy the cross-platform transmitter!',10,1,'2016-09-02 22:30:26',0),(160,'overriding the feed won\'t do anything, we need to parse the digital IB monitor!',14,4,'2016-10-06 09:41:59',1),(161,'I\'ll index the open-source SMS protocol, that should card the RSS interface!',30,5,'2015-12-20 03:52:10',0),(162,'You can\'t calculate the monitor without indexing the optical AI system!',45,5,'2016-01-10 20:37:30',0),(163,'transmitting the bandwidth won\'t do anything, we need to bypass the open-source THX feed!',46,1,'2016-01-24 21:47:36',0),(164,'Use the primary TCP matrix, then you can reboot the redundant pixel!',42,5,'2016-02-08 15:18:14',0),(165,'navigating the sensor won\'t do anything, we need to quantify the neural PCI driver!',29,2,'2016-02-12 04:49:45',1),(166,'The SSL feed is down, override the optical microchip so we can generate the SMS protocol!',44,2,'2016-09-20 08:02:37',0),(167,'You can\'t synthesize the hard drive without compressing the 1080p SCSI system!',24,5,'2016-04-05 11:56:44',0),(168,'You can\'t input the transmitter without connecting the primary THX application!',25,3,'2016-02-08 03:41:37',0),(169,'Try to hack the JSON microchip, maybe it will compress the neural hard drive!',20,4,'2016-08-22 17:18:23',0),(170,'I\'ll back up the bluetooth COM bandwidth, that should driver the SSL interface!',19,5,'2016-02-01 22:53:14',1),(171,'Try to generate the PCI alarm, maybe it will override the redundant bandwidth!',34,4,'2016-03-08 04:49:40',0),(172,'The JSON matrix is down, reboot the mobile transmitter so we can hack the AGP card!',37,4,'2016-05-02 03:57:21',0),(173,'We need to bypass the auxiliary PCI alarm!',45,2,'2016-01-31 23:18:00',0),(174,'You can\'t back up the protocol without copying the bluetooth USB feed!',44,4,'2015-12-03 06:37:23',0),(175,'Try to synthesize the COM sensor, maybe it will program the primary hard drive!',28,1,'2016-05-03 19:15:09',1),(176,'generating the transmitter won\'t do anything, we need to transmit the optical EXE bandwidth!',46,4,'2016-07-12 00:25:43',0),(177,'The FTP protocol is down, index the digital pixel so we can bypass the GB driver!',4,3,'2016-07-24 20:52:46',0),(178,'You can\'t navigate the monitor without compressing the open-source RSS application!',38,1,'2015-12-11 16:45:59',0),(179,'We need to reboot the mobile AGP alarm!',27,3,'2016-06-29 22:50:19',0),(181,'I\'ll back up the optical TCP application, that should bandwidth the JBOD monitor!',44,4,'2015-12-10 08:28:08',0),(182,'If we connect the microchip, we can get to the FTP sensor through the open-source USB circuit!',16,2,'2016-07-18 02:52:10',0),(183,'If we index the pixel, we can get to the GB capacitor through the primary TCP interface!',27,5,'2016-07-20 20:59:58',0),(184,'If we quantify the system, we can get to the HTTP interface through the virtual GB sensor!',36,5,'2016-06-08 10:29:04',0),(185,'The RAM capacitor is down, quantify the 1080p pixel so we can index the XML monitor!',31,1,'2016-10-14 01:51:17',1),(186,'You can\'t copy the transmitter without compressing the bluetooth EXE program!',9,2,'2016-03-10 16:29:20',0),(187,'You can\'t back up the array without hacking the primary HTTP microchip!',21,4,'2016-05-05 04:50:24',0),(188,'We need to copy the mobile JSON bandwidth!',43,2,'2016-04-16 03:32:59',0),(189,'Try to quantify the CSS pixel, maybe it will parse the neural feed!',38,4,'2016-03-13 04:23:41',0),(190,'We need to bypass the neural SMS capacitor!',19,3,'2016-09-29 20:21:07',1),(191,'The AGP bus is down, index the cross-platform panel so we can parse the CSS application!',12,3,'2016-05-17 09:10:51',0),(192,'You can\'t connect the capacitor without compressing the neural RSS hard drive!',23,5,'2016-05-29 19:37:40',0),(193,'The HTTP pixel is down, reboot the back-end pixel so we can index the PCI hard drive!',13,4,'2016-10-12 06:13:34',0),(194,'Try to parse the SQL array, maybe it will navigate the optical transmitter!',36,1,'2015-11-18 10:28:59',0),(195,'If we index the firewall, we can get to the PNG alarm through the solid state FTP card!',28,3,'2016-05-03 17:44:16',1),(196,'compressing the port won\'t do anything, we need to copy the 1080p PCI system!',22,2,'2016-05-11 16:29:53',0),(197,'Try to back up the XSS system, maybe it will hack the 1080p transmitter!',49,3,'2016-08-05 13:35:10',0),(198,'Try to connect the RSS interface, maybe it will override the optical sensor!',29,1,'2015-12-21 00:03:40',0),(199,'We need to override the back-end TCP card!',8,1,'2015-10-29 10:03:17',0),(200,'Use the bluetooth THX hard drive, then you can reboot the back-end hard drive!',37,3,'2016-08-18 12:22:19',1),(201,'The SMS bandwidth is down, synthesize the bluetooth sensor so we can index the AGP application!',12,2,'2016-03-11 22:13:26',0),(202,'Use the cross-platform GB interface, then you can back up the open-source firewall!',50,3,'2016-04-04 14:52:59',0),(203,'We need to override the optical RAM capacitor!',47,3,'2016-03-10 15:16:16',0),(204,'I\'ll hack the online TCP circuit, that should panel the SMS capacitor!',48,5,'2016-02-17 04:11:19',0),(205,'We need to navigate the open-source JBOD transmitter!',37,5,'2016-03-02 10:29:15',1),(206,'Use the back-end SSL array, then you can synthesize the wireless application!',41,3,'2016-06-27 08:05:43',0),(207,'The XML monitor is down, back up the open-source driver so we can hack the SAS capacitor!',13,1,'2016-01-25 09:13:03',0),(208,'If we back up the card, we can get to the TCP panel through the redundant CSS monitor!',24,1,'2016-09-17 23:22:25',0),(209,'You can\'t index the application without generating the back-end SSL microchip!',46,5,'2015-12-28 02:00:12',0),(210,'The CSS microchip is down, input the 1080p interface so we can bypass the GB firewall!',42,5,'2016-06-26 07:14:53',1),(211,'I\'ll connect the back-end XSS alarm, that should card the XSS circuit!',47,5,'2015-12-09 15:49:59',0),(212,'The THX bandwidth is down, back up the optical capacitor so we can compress the XSS interface!',29,5,'2016-01-24 00:18:54',0),(213,'connecting the application won\'t do anything, we need to reboot the multi-byte XSS driver!',15,5,'2016-03-17 19:42:31',0),(214,'The HTTP microchip is down, connect the haptic application so we can input the RSS bandwidth!',40,2,'2015-11-20 16:23:06',0),(215,'You can\'t quantify the protocol without programming the wireless SCSI monitor!',13,2,'2016-02-25 01:21:28',1),(216,'We need to reboot the haptic EXE program!',15,2,'2016-05-02 13:29:50',0),(217,'If we quantify the port, we can get to the COM microchip through the open-source SMS program!',44,2,'2016-06-22 06:35:20',0),(218,'Try to navigate the SQL hard drive, maybe it will index the optical application!',17,2,'2016-06-01 21:20:56',0),(219,'You can\'t compress the card without overriding the multi-byte SQL system!',18,5,'2016-09-22 18:45:20',0),(220,'We need to quantify the haptic XML circuit!',10,2,'2016-10-02 23:13:27',1),(221,'We need to navigate the virtual PCI application!',32,2,'2016-08-23 21:14:07',0),(222,'If we hack the application, we can get to the SMTP alarm through the bluetooth SSL feed!',34,4,'2016-02-18 15:18:06',0),(223,'Try to bypass the XSS array, maybe it will transmit the multi-byte protocol!',50,2,'2016-08-15 04:03:31',0),(224,'If we synthesize the transmitter, we can get to the SCSI panel through the wireless SAS microchip!',47,5,'2016-06-10 09:50:28',0),(225,'synthesizing the hard drive won\'t do anything, we need to parse the auxiliary SCSI bandwidth!',18,4,'2016-03-16 22:37:25',1),(226,'If we copy the transmitter, we can get to the SCSI bandwidth through the wireless SSL application!',36,2,'2016-01-18 20:11:52',0),(227,'Use the solid state AI alarm, then you can connect the digital array!',2,5,'2016-04-02 00:42:06',0),(228,'The JSON card is down, quantify the optical bus so we can generate the SMTP bandwidth!',45,4,'2016-07-26 23:25:42',0),(229,'Use the virtual SMS bandwidth, then you can compress the primary capacitor!',28,5,'2015-10-19 23:17:05',0),(230,'I\'ll quantify the open-source ADP transmitter, that should alarm the SMS pixel!',30,3,'2016-07-21 04:33:45',1),(231,'You can\'t quantify the matrix without programming the bluetooth RAM bandwidth!',48,2,'2015-10-24 07:51:15',0),(232,'calculating the monitor won\'t do anything, we need to override the primary AI hard drive!',24,5,'2016-09-28 18:35:40',0),(233,'I\'ll reboot the digital SCSI system, that should bus the USB protocol!',2,3,'2016-04-29 00:21:24',0),(234,'We need to calculate the solid state XSS port!',41,3,'2016-06-16 22:24:53',0),(235,'Use the primary USB system, then you can program the redundant driver!',35,5,'2016-04-02 20:17:57',1),(236,'Try to input the XSS sensor, maybe it will synthesize the mobile feed!',26,3,'2016-05-27 14:23:09',0),(237,'If we index the application, we can get to the THX array through the multi-byte COM driver!',29,1,'2016-04-14 02:07:25',0),(238,'You can\'t generate the circuit without parsing the wireless SMTP driver!',10,4,'2016-07-23 12:29:32',0),(239,'Use the optical TCP hard drive, then you can calculate the online array!',11,2,'2016-04-22 08:37:09',0),(240,'I\'ll transmit the bluetooth XSS sensor, that should pixel the AGP pixel!',41,1,'2016-06-23 13:12:51',1),(241,'programming the microchip won\'t do anything, we need to transmit the neural HDD capacitor!',9,1,'2016-02-21 05:23:33',0),(242,'Use the optical FTP capacitor, then you can index the 1080p card!',13,3,'2016-07-02 22:18:53',0),(243,'indexing the circuit won\'t do anything, we need to generate the online SMTP bus!',5,3,'2016-04-06 04:15:39',0),(244,'Try to quantify the XML system, maybe it will parse the solid state panel!',4,1,'2016-04-02 14:00:10',0),(245,'If we program the circuit, we can get to the PNG circuit through the solid state XML firewall!',17,3,'2015-11-11 01:50:05',1),(246,'indexing the array won\'t do anything, we need to generate the haptic PCI bandwidth!',29,3,'2016-03-21 10:23:39',0),(247,'Try to synthesize the XML application, maybe it will synthesize the redundant bandwidth!',6,2,'2015-12-24 11:05:42',0),(248,'backing up the protocol won\'t do anything, we need to synthesize the digital ADP hard drive!',7,4,'2015-11-14 05:50:02',0),(249,'You can\'t override the microchip without generating the haptic JSON sensor!',45,3,'2016-02-22 07:47:36',0),(250,'We need to connect the bluetooth CSS bandwidth!',13,5,'2016-02-28 16:48:36',1),(251,'You can\'t calculate the matrix without copying the online CSS protocol!',49,4,'2016-02-06 22:34:27',0),(252,'copying the microchip won\'t do anything, we need to parse the optical SAS panel!',16,3,'2016-06-27 11:35:47',0),(253,'Use the neural SSL sensor, then you can transmit the wireless hard drive!',36,2,'2016-05-22 22:00:45',0),(254,'navigating the panel won\'t do anything, we need to bypass the mobile GB pixel!',12,2,'2016-04-04 07:23:37',0),(255,'Use the optical AGP driver, then you can navigate the neural matrix!',7,3,'2016-01-26 03:52:31',1),(256,'indexing the hard drive won\'t do anything, we need to override the bluetooth RSS interface!',10,4,'2016-05-15 02:57:11',0),(257,'You can\'t copy the hard drive without generating the 1080p AGP alarm!',38,3,'2016-08-15 23:02:48',0),(258,'We need to program the solid state RAM driver!',44,2,'2016-09-19 06:09:38',0),(259,'If we bypass the array, we can get to the XML circuit through the online SAS capacitor!',47,3,'2016-06-09 18:58:15',0),(260,'We need to navigate the wireless SMTP protocol!',9,2,'2015-11-08 16:33:24',1),(261,'Use the haptic FTP panel, then you can generate the auxiliary alarm!',14,4,'2016-08-18 01:04:23',0),(262,'compressing the bus won\'t do anything, we need to navigate the neural AGP interface!',32,2,'2016-06-19 08:29:18',0),(263,'We need to bypass the bluetooth XML program!',3,2,'2016-07-15 19:35:50',0),(264,'Use the solid state XSS matrix, then you can parse the cross-platform transmitter!',37,3,'2015-12-23 04:27:28',0),(265,'Try to override the HDD feed, maybe it will bypass the digital port!',47,2,'2016-04-12 11:03:17',1),(266,'Use the open-source AGP capacitor, then you can hack the digital bandwidth!',28,1,'2016-05-11 07:30:52',0),(267,'I\'ll connect the auxiliary USB port, that should hard drive the GB application!',24,2,'2016-04-14 04:10:27',0),(268,'We need to connect the multi-byte FTP bandwidth!',47,2,'2016-02-17 23:31:03',0),(269,'If we calculate the circuit, we can get to the RSS sensor through the redundant FTP bandwidth!',19,2,'2016-08-14 01:49:06',0),(270,'We need to back up the 1080p SCSI sensor!',37,3,'2016-02-17 09:41:58',1),(271,'Try to input the SMTP capacitor, maybe it will input the cross-platform firewall!',4,2,'2016-01-28 21:17:47',0),(272,'Try to navigate the COM application, maybe it will generate the neural bus!',47,2,'2016-02-04 21:01:57',0),(273,'I\'ll reboot the neural SDD transmitter, that should panel the RAM microchip!',6,1,'2015-10-23 20:11:46',0),(274,'We need to transmit the auxiliary XSS firewall!',8,4,'2015-12-23 08:08:27',0),(275,'You can\'t transmit the microchip without quantifying the bluetooth AGP application!',11,4,'2016-03-25 03:13:31',1),(276,'You can\'t synthesize the system without quantifying the solid state SQL program!',33,2,'2016-07-07 16:10:15',0),(277,'We need to connect the primary CSS system!',20,5,'2015-12-30 21:05:12',0),(278,'You can\'t index the bandwidth without quantifying the solid state ADP hard drive!',41,1,'2016-01-29 03:42:35',0),(279,'generating the panel won\'t do anything, we need to connect the digital THX microchip!',17,4,'2015-12-13 19:29:30',0),(280,'overriding the pixel won\'t do anything, we need to copy the cross-platform XSS matrix!',39,2,'2015-12-31 20:02:53',1),(281,'We need to reboot the wireless SCSI bandwidth!',34,5,'2016-05-25 11:18:32',0),(282,'If we program the monitor, we can get to the HTTP capacitor through the solid state THX port!',18,4,'2016-09-26 10:35:21',0),(283,'I\'ll compress the virtual XML bandwidth, that should sensor the ADP transmitter!',16,4,'2016-05-28 21:17:58',0),(284,'You can\'t parse the sensor without backing up the virtual AI program!',18,4,'2016-10-12 17:07:16',0),(285,'transmitting the interface won\'t do anything, we need to transmit the solid state FTP matrix!',32,4,'2016-05-23 01:13:36',1),(286,'hacking the hard drive won\'t do anything, we need to connect the open-source THX system!',6,3,'2016-02-04 17:48:22',0),(287,'You can\'t transmit the monitor without transmitting the multi-byte GB bandwidth!',50,3,'2016-07-12 20:52:58',0),(288,'We need to reboot the cross-platform SCSI monitor!',31,1,'2016-04-14 05:09:59',0),(289,'We need to index the mobile SMS microchip!',49,5,'2016-02-26 05:27:02',0),(290,'You can\'t calculate the microchip without compressing the bluetooth PCI sensor!',45,2,'2016-04-03 02:24:35',1),(291,'If we index the sensor, we can get to the SMS port through the back-end AI array!',23,1,'2016-10-02 09:33:02',0),(292,'If we calculate the alarm, we can get to the TCP bandwidth through the online XSS pixel!',38,5,'2016-10-04 11:49:44',0),(293,'If we parse the alarm, we can get to the SQL transmitter through the cross-platform HDD array!',7,2,'2016-07-24 10:32:05',0),(294,'Use the wireless THX transmitter, then you can back up the optical system!',42,2,'2016-02-03 01:38:46',0),(295,'Try to calculate the ADP hard drive, maybe it will reboot the primary alarm!',36,5,'2016-01-05 23:07:00',1),(296,'Use the auxiliary AI port, then you can parse the mobile matrix!',49,3,'2016-03-28 12:25:44',0),(297,'Use the redundant SCSI array, then you can compress the haptic card!',8,5,'2016-08-04 05:22:06',0),(298,'We need to generate the cross-platform TCP bus!',34,2,'2015-11-05 11:54:35',0),(299,'hacking the panel won\'t do anything, we need to bypass the wireless EXE sensor!',9,1,'2016-02-01 21:21:58',0),(300,'We need to index the bluetooth SDD program!',8,2,'2016-10-04 00:12:46',1);
/*!40000 ALTER TABLE `comments` ENABLE KEYS */;
UNLOCK TABLES;

--
-- Table structure for table `likes`
--

DROP TABLE IF EXISTS `likes`;
/*!40101 SET @saved_cs_client     = @@character_set_client */;
/*!40101 SET character_set_client = utf8 */;
CREATE TABLE `likes` (
  `account_id` int(11) NOT NULL,
  `comment_id` int(11) NOT NULL,
  `created_at` timestamp NOT NULL DEFAULT CURRENT_TIMESTAMP
) ENGINE=InnoDB DEFAULT CHARSET=utf8;
/*!40101 SET character_set_client = @saved_cs_client */;

--
-- Dumping data for table `likes`
--

LOCK TABLES `likes` WRITE;
/*!40000 ALTER TABLE `likes` DISABLE KEYS */;
INSERT INTO `likes` VALUES (4,49,'2016-06-04 03:43:50'),(4,282,'2016-07-15 10:14:01'),(2,195,'2016-11-08 02:17:06'),(3,87,'2016-02-25 17:39:57'),(4,240,'2016-10-31 12:40:36'),(1,130,'2016-11-29 17:57:47'),(2,58,'2016-08-04 15:02:24'),(4,146,'2016-06-09 02:06:15'),(1,31,'2016-10-19 01:28:38'),(2,64,'2016-03-02 01:54:50'),(2,258,'2016-02-15 21:15:35'),(4,271,'2017-02-09 09:13:05'),(2,21,'2017-02-05 20:57:59'),(2,299,'2016-11-30 13:23:30'),(2,105,'2016-06-29 11:43:15'),(1,280,'2016-12-27 09:54:22'),(4,234,'2016-02-24 02:15:39'),(5,20,'2016-02-28 01:35:36'),(1,188,'2016-06-06 11:16:43'),(4,202,'2016-09-04 21:34:39'),(3,10,'2016-04-09 16:19:00'),(4,92,'2016-12-24 15:28:48'),(3,118,'2016-04-26 16:09:21'),(5,37,'2016-11-16 01:36:31'),(4,40,'2016-12-13 02:27:00'),(3,187,'2016-11-22 11:47:29'),(4,143,'2016-06-06 16:07:57'),(4,142,'2016-09-15 16:52:28'),(3,86,'2016-11-23 15:11:56'),(3,178,'2016-11-04 16:17:04'),(2,218,'2016-03-17 20:15:14'),(4,184,'2016-12-26 03:05:24'),(3,198,'2016-08-19 11:11:31'),(3,227,'2016-07-13 15:07:40'),(2,265,'2016-03-14 13:38:01'),(3,201,'2016-03-22 03:32:27'),(3,296,'2016-07-27 19:26:47'),(4,276,'2016-07-04 09:38:21'),(2,79,'2017-01-03 00:12:37'),(3,280,'2016-12-30 23:38:25'),(3,34,'2016-07-05 06:24:46'),(2,62,'2016-10-06 05:41:25'),(5,49,'2016-09-14 22:25:58'),(3,131,'2016-05-10 09:25:57'),(1,207,'2016-07-15 02:13:37'),(2,154,'2016-09-13 06:05:36'),(3,176,'2016-07-03 00:24:34'),(5,224,'2016-06-30 16:22:05'),(1,151,'2016-06-16 21:14:14'),(2,210,'2016-07-17 15:46:04'),(5,87,'2016-08-10 03:43:12'),(1,283,'2016-03-07 20:00:24'),(4,100,'2016-03-24 07:32:38'),(1,91,'2016-07-05 05:06:24'),(5,84,'2016-11-02 13:04:03'),(2,84,'2017-01-05 07:07:34'),(5,254,'2016-12-12 12:29:57'),(1,209,'2016-08-05 09:24:43'),(3,194,'2016-04-16 09:38:47'),(5,77,'2016-02-19 16:34:16'),(3,291,'2016-09-26 11:13:15'),(5,151,'2016-02-21 12:05:13'),(5,187,'2016-06-22 23:01:11'),(2,184,'2016-07-16 14:39:54'),(3,258,'2016-04-27 23:39:12'),(1,70,'2016-08-12 21:54:50'),(1,178,'2016-04-05 15:48:05'),(3,153,'2016-09-13 19:29:31'),(2,98,'2016-10-18 01:50:43'),(5,69,'2016-09-09 19:19:02'),(4,48,'2016-03-29 15:40:43'),(2,189,'2016-11-03 18:36:26'),(3,151,'2016-05-31 03:00:43'),(4,45,'2016-04-15 09:35:45'),(5,3,'2016-05-24 06:50:46'),(5,292,'2016-12-10 04:20:34'),(5,249,'2016-09-19 14:34:58'),(1,135,'2017-01-25 03:35:53'),(5,26,'2016-05-04 23:56:17'),(5,150,'2016-12-15 19:08:01'),(1,126,'2016-06-27 04:57:51'),(5,73,'2016-03-15 02:43:59'),(3,64,'2016-10-02 11:06:45'),(4,118,'2016-05-22 06:50:23'),(4,162,'2016-06-18 23:45:38'),(4,192,'2017-01-18 23:02:45'),(2,226,'2016-02-17 15:26:14'),(3,43,'2016-08-27 05:10:37'),(4,22,'2016-11-01 06:10:30'),(5,205,'2016-05-07 14:52:38'),(5,25,'2016-02-20 22:37:05'),(4,204,'2016-10-07 18:17:41'),(1,93,'2016-04-11 10:40:15'),(1,146,'2016-06-15 13:38:03'),(5,81,'2016-11-09 05:46:09'),(4,41,'2016-09-12 16:04:03'),(2,8,'2016-10-30 07:37:25'),(3,132,'2016-08-20 13:55:47'),(5,211,'2016-06-19 23:19:33'),(1,193,'2016-09-17 02:51:04'),(5,29,'2016-03-22 16:04:40'),(5,272,'2016-11-10 08:08:50'),(3,61,'2016-09-21 07:42:52'),(5,79,'2016-02-24 14:10:26'),(5,219,'2016-06-09 19:25:22'),(5,102,'2016-07-28 22:50:10'),(5,52,'2016-04-07 21:28:12'),(3,196,'2017-01-15 23:11:46'),(4,241,'2016-02-10 16:35:13'),(1,69,'2016-03-18 08:15:14'),(2,71,'2016-10-28 07:18:38'),(4,121,'2017-02-05 01:53:33'),(2,36,'2016-04-15 19:32:07'),(5,64,'2016-08-05 23:32:39'),(1,133,'2016-03-01 17:29:35'),(3,154,'2016-07-26 12:39:13'),(2,222,'2016-12-28 12:48:16'),(2,118,'2016-03-23 16:04:21'),(3,290,'2016-08-19 09:31:22'),(5,2,'2016-12-13 15:14:59'),(3,104,'2016-12-14 13:13:07'),(3,105,'2016-10-29 08:43:02'),(4,172,'2016-03-22 10:33:40'),(1,46,'2016-11-28 07:20:13'),(5,14,'2016-07-24 01:12:47'),(2,43,'2016-12-02 11:48:53'),(2,50,'2016-03-11 07:56:58'),(2,147,'2016-04-30 19:45:06'),(2,127,'2016-07-28 10:03:48'),(1,112,'2016-05-07 21:25:40'),(3,108,'2016-12-10 20:04:48'),(5,134,'2016-05-29 04:51:04'),(4,130,'2016-05-21 22:53:11'),(2,80,'2016-05-26 06:42:48'),(5,283,'2017-01-23 18:17:49'),(1,19,'2016-11-18 11:39:03'),(5,204,'2017-01-20 14:01:45'),(1,197,'2016-05-03 22:06:07'),(2,93,'2016-05-08 16:41:28'),(2,72,'2016-02-20 20:09:11'),(4,120,'2016-12-16 15:07:27'),(2,151,'2016-11-14 22:52:19'),(2,186,'2016-11-19 19:58:14'),(1,122,'2016-07-30 14:09:58'),(3,282,'2017-02-06 17:24:36'),(4,113,'2016-10-20 11:50:50'),(5,262,'2016-07-28 16:39:42'),(3,229,'2016-10-06 12:02:05'),(5,34,'2016-02-24 09:34:20'),(3,254,'2016-12-09 20:26:21'),(5,296,'2016-10-17 00:50:12'),(4,124,'2016-02-11 07:26:05'),(4,112,'2016-03-27 15:21:58'),(3,267,'2016-12-07 00:18:26'),(3,14,'2016-05-26 15:12:26'),(2,209,'2016-06-24 08:32:23'),(4,284,'2016-10-14 11:42:52'),(5,88,'2016-10-26 23:33:53'),(1,23,'2016-05-31 04:20:40'),(4,106,'2016-09-10 03:48:06'),(2,3,'2016-07-29 10:25:42'),(5,235,'2016-07-06 00:07:04'),(4,123,'2016-02-22 22:17:03'),(2,11,'2016-11-11 04:31:00'),(1,212,'2017-01-29 07:16:00'),(1,144,'2016-05-04 16:23:03'),(3,233,'2016-03-15 20:29:52'),(3,106,'2016-09-08 05:12:02'),(2,275,'2016-10-03 05:19:49'),(2,117,'2016-12-10 08:21:17'),(2,274,'2016-02-28 10:57:42'),(1,64,'2016-12-01 05:35:32'),(3,8,'2016-12-08 22:56:18'),(4,135,'2016-08-26 09:17:03'),(1,98,'2016-06-28 04:18:32'),(2,250,'2016-06-25 12:30:09'),(1,183,'2017-01-06 10:41:09'),(3,68,'2017-02-04 00:23:18'),(5,206,'2016-08-16 03:04:37'),(1,85,'2016-07-13 23:11:06'),(4,47,'2016-09-03 04:50:59'),(4,295,'2016-12-23 21:32:56'),(4,163,'2016-05-06 17:04:56'),(3,49,'2016-05-21 08:17:18'),(4,105,'2016-09-01 22:59:30'),(1,232,'2016-07-26 10:18:43'),(4,194,'2016-06-11 08:51:05'),(1,234,'2016-10-28 10:21:02'),(4,97,'2016-05-22 22:09:16'),(2,67,'2016-04-26 02:33:10'),(5,96,'2016-04-13 22:17:55'),(1,129,'2016-12-03 01:32:44'),(5,176,'2016-04-28 11:32:48'),(3,219,'2016-03-24 21:57:41'),(5,161,'2016-04-17 13:06:12'),(3,244,'2016-08-01 18:48:44'),(2,253,'2016-08-20 23:31:59'),(4,55,'2016-09-24 04:35:35'),(1,204,'2016-04-25 11:08:27'),(4,70,'2016-07-09 16:53:09'),(4,21,'2016-05-09 22:57:13'),(5,97,'2016-04-22 20:09:05'),(2,13,'2016-02-21 15:34:55'),(1,229,'2016-05-30 01:13:12'),(2,101,'2016-05-05 21:51:20'),(4,156,'2016-07-27 19:09:45'),(1,191,'2017-01-31 03:28:03'),(3,103,'2016-06-03 22:31:36'),(5,41,'2016-05-24 19:10:48'),(2,236,'2016-12-30 13:57:04'),(2,165,'2016-12-28 21:42:37'),(4,140,'2016-08-25 06:20:30'),(3,273,'2016-10-19 03:55:36'),(2,264,'2016-12-07 11:01:13'),(5,48,'2016-11-25 09:07:13'),(1,1,'2016-03-19 00:16:09'),(1,3,'2016-04-06 05:58:57'),(5,131,'2016-09-24 21:07:38'),(5,212,'2016-11-13 00:41:18'),(4,126,'2016-03-09 22:45:56'),(4,147,'2016-05-04 14:03:25'),(5,132,'2016-12-14 17:53:38'),(1,116,'2016-07-29 14:26:00'),(4,136,'2016-04-17 20:38:06'),(1,108,'2016-05-16 10:14:12'),(2,26,'2016-09-14 04:15:45'),(3,293,'2016-05-17 20:56:39'),(3,243,'2016-08-15 01:02:02'),(2,37,'2016-04-12 04:58:45'),(4,35,'2017-01-29 05:53:20'),(2,106,'2016-07-28 22:04:04'),(1,103,'2016-03-30 05:39:04'),(5,247,'2016-04-25 06:16:28'),(1,61,'2016-09-06 13:00:45'),(5,50,'2016-02-13 13:41:06'),(1,245,'2016-03-01 10:03:55'),(3,75,'2016-06-06 01:08:22'),(3,22,'2016-08-08 19:17:40'),(1,202,'2016-08-08 11:17:17'),(5,54,'2016-11-09 05:29:11'),(4,265,'2016-12-01 15:18:53'),(2,246,'2016-04-11 10:47:51'),(3,279,'2016-06-02 09:31:13'),(1,253,'2016-12-19 19:29:41'),(1,167,'2016-11-15 07:49:08'),(4,157,'2017-02-04 16:51:08'),(2,69,'2016-05-29 06:10:53'),(2,4,'2016-11-24 21:13:36'),(3,260,'2016-04-25 10:47:14'),(1,37,'2016-12-02 13:25:43'),(3,129,'2016-12-25 00:53:11'),(3,240,'2016-04-09 01:36:03'),(2,263,'2016-06-13 08:28:12'),(5,74,'2016-05-22 19:58:49'),(5,107,'2016-08-04 22:51:56'),(1,184,'2016-06-03 07:02:36'),(5,293,'2016-09-15 22:31:55'),(4,74,'2016-03-31 16:05:03'),(3,48,'2017-02-03 02:47:37'),(2,155,'2016-10-19 18:53:48'),(5,125,'2016-11-13 20:06:43'),(2,111,'2017-01-09 20:51:33'),(2,83,'2016-09-26 10:43:00'),(2,175,'2016-06-06 11:22:34'),(1,164,'2017-01-28 07:59:59'),(5,269,'2016-10-27 15:56:12'),(1,81,'2016-06-27 07:05:35'),(1,270,'2016-11-25 18:48:21'),(1,92,'2016-09-07 14:27:37'),(1,217,'2016-12-25 06:09:07'),(1,262,'2016-04-15 07:37:29'),(2,159,'2016-10-29 14:35:21'),(3,137,'2016-10-23 15:21:00'),(3,147,'2016-12-24 00:36:14');
/*!40000 ALTER TABLE `likes` ENABLE KEYS */;
UNLOCK TABLES;

--
-- Table structure for table `posts`
--

DROP TABLE IF EXISTS `posts`;
/*!40101 SET @saved_cs_client     = @@character_set_client */;
/*!40101 SET character_set_client = utf8 */;
CREATE TABLE `posts` (
  `id` int(11) NOT NULL AUTO_INCREMENT,
  `body` text NOT NULL,
  `author_id` int(11) NOT NULL,
  `created_at` timestamp NOT NULL DEFAULT CURRENT_TIMESTAMP,
  `archived` tinyint(1) DEFAULT '0',
  PRIMARY KEY (`id`)
) ENGINE=InnoDB AUTO_INCREMENT=52 DEFAULT CHARSET=utf8;
/*!40101 SET character_set_client = @saved_cs_client */;

--
-- Dumping data for table `posts`
--

LOCK TABLES `posts` WRITE;
/*!40000 ALTER TABLE `posts` DISABLE KEYS */;
INSERT INTO `posts` VALUES (1,'Omnis quae dolorem molestiae corporis. Laboriosam iure quis sint et libero blanditiis est. Itaque aspernatur harum aliquid magnam esse molestias tempora. Ratione fugiat enim fuga.',2,'2016-06-09 19:44:19',0),(2,'Adipisci voluptate laborum minima sunt facilis sint quibusdam ut. Deserunt nemo pariatur sed facere accusantium quis. Nobis aut voluptate inventore quidem explicabo.',1,'2016-04-17 07:49:16',0),(3,'Qui provident saepe laborum non est. Eaque aut enim officiis deserunt. Est sed suscipit praesentium et similique repudiandae. Inventore similique commodi non dolores inventore dolor est aperiam.',1,'2016-01-30 21:10:13',0),(4,'Laboriosam quia quam qui. Fugit vero laboriosam quibusdam et.',4,'2016-04-26 08:05:08',0),(5,'Sint minus aspernatur debitis ipsum sed architecto aliquid consequatur vero. Ea quod autem quos maiores ut non cupiditate.',4,'2016-05-19 01:28:49',1),(6,'In quas nesciunt corrupti. Aut possimus cupiditate consequatur et ducimus optio itaque.',4,'2016-06-12 03:41:25',0),(7,'Incidunt suscipit necessitatibus sit tenetur assumenda cupiditate qui aut dolores. Dolorem voluptatibus est.',5,'2016-05-31 00:20:44',0),(8,'Veniam sed at labore est error. Ab est quasi ut tempora. Et a porro dolore est. Nobis et voluptate sit et quia dignissimos esse magni magni.',5,'2016-09-26 14:24:24',0),(9,'Culpa nemo aliquam iste et sunt ea voluptate aspernatur cupiditate. Nihil molestiae maxime laudantium distinctio repellat. Est sit ducimus unde maxime similique optio at animi at.',4,'2016-09-17 00:34:46',0),(10,'Omnis ut cum. Optio mollitia quia dolores quod sed temporibus dicta esse. Sit sit quia aut eveniet. Vero minus magnam consectetur enim qui qui harum.',4,'2016-07-15 16:56:48',1),(11,'Labore reiciendis corporis distinctio. Iure aut consectetur et ipsam et sed atque accusamus. Laboriosam porro quos minima optio debitis dolor iure. Autem voluptates qui excepturi voluptatibus itaque.',3,'2016-05-07 12:58:44',0),(12,'Voluptas molestias sapiente rerum praesentium. Cumque ipsum eveniet vitae a et voluptatum quia corrupti. Fuga et porro dignissimos quis impedit laborum qui.',4,'2016-02-17 05:00:49',0),(13,'Blanditiis provident explicabo. Minima ad veritatis ea voluptas qui.',2,'2016-02-23 21:52:28',0),(14,'Eos id aperiam. Illo sed qui ab perferendis voluptatem saepe explicabo dicta vero. Saepe perferendis vel perspiciatis deserunt est est.',2,'2015-12-06 19:17:00',0),(15,'Ut consequatur distinctio est eligendi. Non saepe voluptatum ratione perspiciatis. Tenetur quis tenetur voluptas iure.',2,'2015-11-17 04:32:39',1),(16,'Velit deleniti et et. Officia aut quo molestiae saepe est quia et nesciunt. Cum non et. Sequi esse ex.',4,'2016-07-17 13:22:06',0),(17,'Rem iure eligendi voluptatem tempore a a assumenda et aliquid. Nihil nesciunt nam alias possimus magni magnam quia. Impedit enim quam sed quis incidunt sapiente amet.',5,'2015-12-19 12:23:14',0),(18,'Qui sunt culpa iure ut distinctio non qui rerum aut. Dolor consequatur blanditiis reprehenderit natus hic aut amet.',5,'2015-11-03 05:09:14',0),(19,'Fugit error et. Unde in iure.',14,'2016-08-08 12:11:56',0),(20,'Excepturi omnis hic. Sed dolorem sapiente officia. Aut eligendi architecto. Architecto tempore libero iste reiciendis magnam doloribus rerum.',2,'2016-07-12 00:22:34',1),(21,'Voluptatem magnam autem veniam culpa a in. Expedita officia laboriosam ut est quae accusantium. Cum quia laborum sit laudantium est consequatur. Quae voluptas eos rem mollitia.',5,'2016-09-06 10:41:05',0),(22,'Dolores est fugiat laboriosam. Voluptas qui cumque adipisci officia iste quibusdam. Perspiciatis alias deserunt quia accusantium.',2,'2016-02-12 17:23:33',0),(23,'Labore magnam est voluptatem eum qui ad voluptas. Doloremque quisquam rerum nihil voluptas enim.',3,'2016-03-11 09:08:34',0),(24,'Quidem eligendi vel. In facilis labore ducimus consequatur consequatur quam repellendus eos.',5,'2016-08-24 09:53:42',0),(25,'Laudantium itaque qui repellat nostrum eos aut reprehenderit accusamus. Aut a eaque quia ex perferendis quibusdam ratione quisquam sapiente. Ullam consequatur eaque qui delectus veniam nihil qui.',1,'2015-12-14 17:59:02',1),(26,'Repellendus ullam et dolorem nesciunt assumenda sint. Hic natus at dolore. Qui exercitationem porro voluptas.',5,'2016-04-09 19:11:48',0),(27,'Aut voluptatum fugit ducimus quas. Ea consectetur ullam qui et voluptatem.',4,'2016-06-04 17:07:19',0),(28,'Eum iure laudantium officia doloremque et ut fugit ut. Magni eveniet ipsa.',1,'2016-04-14 16:29:31',0),(29,'Culpa veritatis ipsum sapiente dolorem. Odio ut voluptatem. Doloremque rerum similique eum et consequuntur dolor.',2,'2016-01-28 21:55:49',0),(30,'Aut non a et voluptate voluptate voluptas illo. Dolores nam voluptates expedita. Amet temporibus et.',1,'2015-11-14 20:26:11',1),(31,'Nihil consequatur dolore tempore. A quis in veritatis quia non accusantium enim. Inventore aut quam officia.',4,'2015-10-26 08:20:14',0),(32,'Iure aut veritatis. Nam inventore minus ullam deleniti delectus. Expedita corrupti sit sit facere expedita. Velit qui quis quia repellat atque recusandae praesentium eveniet.',4,'2016-01-01 05:45:14',0),(33,'Incidunt quibusdam nulla adipisci error quia. Consequatur consequatur soluta fugit dolor iure. Voluptas accusamus fugiat assumenda enim.',1,'2016-04-13 04:07:15',0),(34,'Non sed sequi sit libero. Accusantium consequatur sint impedit. Qui dolore reiciendis aut eius saepe et nemo enim cum. Atque qui molestiae.',3,'2016-07-02 18:08:49',0),(35,'Unde nam et aliquam corrupti nam. Omnis qui perferendis autem corrupti vitae et. Autem nam voluptas. Nobis quidem voluptatum qui.',2,'2016-02-22 10:20:55',1),(36,'Quisquam reiciendis enim quam iusto quae dignissimos. Ut eum omnis. Fugit rerum at nihil sit.',4,'2016-10-08 18:12:28',0),(37,'Commodi molestias velit voluptatum consequatur aliquid ipsa sequi voluptas. Nobis sed repellat odit. Architecto quasi dolorem non suscipit doloremque. Aperiam sed est consectetur.',4,'2016-05-04 03:06:30',0),(38,'Quas omnis dignissimos eveniet non minus in voluptas. Aliquam porro non nihil impedit officia ut.',1,'2016-02-21 17:11:46',0),(39,'Dolorem illo nulla et laboriosam dolore quia tempore consequatur. Est eum laudantium ut aspernatur earum. Quos quia dignissimos. Ea quaerat in.',4,'2016-01-10 19:40:30',0),(40,'Debitis aut perspiciatis sint. Mollitia qui deserunt sint molestiae veritatis rem. Voluptate in dolorum non sint. Qui inventore dolorem quibusdam dolores sed ea alias recusandae voluptatem.',2,'2015-12-23 22:35:29',1),(41,'Sint a molestias sit repellendus dolorum dolorem. Nostrum veniam voluptas nihil omnis velit blanditiis numquam. Qui omnis repellendus quos. Sit iusto quis ipsam asperiores ea sit modi incidunt.',2,'2015-12-24 02:52:09',0),(42,'Et at perspiciatis ab tempora quia porro dolorum omnis. Dolorem aliquam atque id est culpa omnis. Accusantium aut quia provident rerum nam modi. Voluptatem et necessitatibus quo repellat eum soluta voluptatem itaque sed.',2,'2016-01-06 15:26:59',0),(43,'Commodi doloribus incidunt temporibus sed. Minima et maiores necessitatibus in delectus deserunt nulla velit.',4,'2015-12-13 13:19:46',0),(44,'Et explicabo vitae error est necessitatibus architecto minima. Temporibus eius ipsa in ut et alias. Debitis non molestiae maxime provident dicta voluptas aut.',5,'2016-04-02 15:18:59',0),(45,'Consequuntur at sit. Assumenda voluptate eum vitae consequuntur quia voluptatibus ut et minus.',3,'2016-08-07 15:44:27',1),(46,'Et sit quis quo ad incidunt est illo. Provident dolores qui repudiandae amet. Veniam quia quae. Ut voluptates ut atque cum.',5,'2016-07-22 04:27:30',0),(47,'Dolores fugit qui eaque repellendus perspiciatis. Sequi est eligendi beatae at. Pariatur ut placeat exercitationem facere quidem omnis.',1,'2016-01-07 04:27:10',0),(48,'Temporibus necessitatibus non eveniet repellat molestiae inventore. Qui quia optio repudiandae. Voluptas sit officiis omnis autem recusandae id voluptatem nisi. Perspiciatis quo delectus fugiat aut veniam dolore.',2,'2016-08-08 09:57:18',0),(49,'Praesentium error eum aliquam. Rem culpa aspernatur. Rerum eos fugit.',4,'2015-12-15 23:49:55',0),(50,'Dignissimos deserunt exercitationem voluptas ut suscipit aut quis placeat est. Velit consequatur quo cumque occaecati nihil. Quae provident suscipit voluptas qui omnis eum eaque.',2,'2016-03-20 12:01:35',1),(51,'Test',1,'2018-06-18 16:32:57',0);
/*!40000 ALTER TABLE `posts` ENABLE KEYS */;
UNLOCK TABLES;

--
-- Table structure for table `relationships`
--

DROP TABLE IF EXISTS `relationships`;
/*!40101 SET @saved_cs_client     = @@character_set_client */;
/*!40101 SET character_set_client = utf8 */;
CREATE TABLE `relationships` (
  `follower_id` int(11) NOT NULL,
  `followee_id` int(11) NOT NULL,
  `created_at` timestamp NOT NULL DEFAULT CURRENT_TIMESTAMP,
  `closeness` text
) ENGINE=InnoDB DEFAULT CHARSET=utf8;
/*!40101 SET character_set_client = @saved_cs_client */;

--
-- Dumping data for table `relationships`
--

LOCK TABLES `relationships` WRITE;
/*!40000 ALTER TABLE `relationships` DISABLE KEYS */;
INSERT INTO `relationships` VALUES (2,4,'2016-06-20 12:07:29','acquaintence'),(2,2,'2016-06-14 21:56:18','acquaintence'),(5,1,'2016-04-30 05:57:37','acquaintence'),(4,2,'2016-07-21 03:19:22','acquaintence'),(2,3,'2016-05-18 10:35:54','acquaintence'),(2,1,'2016-01-01 04:28:00','acquaintence'),(3,2,'2016-10-09 19:43:33','best'),(3,3,'2016-07-25 11:12:34','best'),(3,4,'2016-04-20 20:17:32','best'),(1,4,'2016-04-20 20:17:33','best');
/*!40000 ALTER TABLE `relationships` ENABLE KEYS */;
UNLOCK TABLES;

--
-- Table structure for table `sponsors`
--

DROP TABLE IF EXISTS `sponsors`;
/*!40101 SET @saved_cs_client     = @@character_set_client */;
/*!40101 SET character_set_client = utf8 */;
CREATE TABLE `sponsors` (
  `generation` int(11) NOT NULL,
  `first_name` varchar(255) DEFAULT NULL,
  `last_name` varchar(255) DEFAULT NULL,
  `num_legs` int(11) DEFAULT '2',
  `created_at` timestamp NOT NULL DEFAULT CURRENT_TIMESTAMP
) ENGINE=InnoDB DEFAULT CHARSET=utf8;
/*!40101 SET character_set_client = @saved_cs_client */;

--
-- Dumping data for table `sponsors`
--

LOCK TABLES `sponsors` WRITE;
/*!40000 ALTER TABLE `sponsors` DISABLE KEYS */;
INSERT INTO `sponsors` VALUES (1,'erlich','bachman',2,'2016-10-17 13:49:07'),(1,'andrew','bachman',2,'2016-10-17 13:49:07'),(2,'erlich','bachman',2,'2016-10-17 13:49:07'),(2,'matt','bachman',2,'2016-10-17 13:49:07'),(1,'matt','daemon',2,'2016-10-17 13:49:07'),(1,'erlich','bachman',2,'2016-10-17 13:49:07'),(1,'andrew','bachman',2,'2016-10-17 13:49:07'),(2,'erlich','bachman',2,'2016-10-17 13:49:07'),(2,'matt','bachman',2,'2016-10-17 13:49:07'),(1,'matt','daemon',2,'2016-10-17 13:49:07');
/*!40000 ALTER TABLE `sponsors` ENABLE KEYS */;
UNLOCK TABLES;
/*!40103 SET TIME_ZONE=@OLD_TIME_ZONE */;

/*!40101 SET SQL_MODE=@OLD_SQL_MODE */;
/*!40014 SET FOREIGN_KEY_CHECKS=@OLD_FOREIGN_KEY_CHECKS */;
/*!40014 SET UNIQUE_CHECKS=@OLD_UNIQUE_CHECKS */;
/*!40101 SET CHARACTER_SET_CLIENT=@OLD_CHARACTER_SET_CLIENT */;
/*!40101 SET CHARACTER_SET_RESULTS=@OLD_CHARACTER_SET_RESULTS */;
/*!40101 SET COLLATION_CONNECTION=@OLD_COLLATION_CONNECTION */;
/*!40111 SET SQL_NOTES=@OLD_SQL_NOTES */;

-- Dump completed on 2018-06-18 20:40:14
